Area,Interest
Applied Mathematics,Computational Neuroscience
Applied Mathematics,Control Theory and Stochastic Systems
Applied Mathematics,Economics and Computation
Applied Mathematics,Modeling Physical/Biological Phenomena and Systems
Applied Mathematics,Theory of Computation
Applied Physics,Biomaterials
Applied Physics,Materials
Applied Physics,Photonics
Applied Physics,Quantum Engineering
Applied Physics,Soft Matter
Bioengineering,Bioinspired Robotics and Computing
Bioengineering,Biomechanics and Motor Control
Bioengineering,"Cell and Tissue Engineering, Biomaterials, and Therapeutics"
Computer Science,Architecture
Computer Science,Artificial Intelligence
Computer Science,Computational and Data Science
Computer Science,Computational Neuroscience
Computer Science,Economics and Computation
Computer Science,"Graphics, Vision, Visualization, and Interaction"
Computer Science,Information and Society
Computer Science,Programming Languages
Computer Science,"Systems, Networks, and Databases"
Computer Science,Theory of Communication
Computer Science,Theory of Computation
Electrical Engineering,Circuits and VLSI
Electrical Engineering,Computer Engineering and Architecture
Electrical Engineering,Robotics and Control
Electrical Engineering,Signal Processing
Environmental Science & Engineering,Atmospheric Chemistry
Environmental Science & Engineering,Biogeochemical Cycles
Environmental Science & Engineering,Climate Change
Environmental Science & Engineering,Climate Dynamics
Environmental Science & Engineering,Energy Resources and Energy Systems
Environmental Science & Engineering,Geophysics
Environmental Science & Engineering,Global Contaminants
Environmental Science & Engineering,Ice Dynamics and Sea Level
Environmental Science & Engineering,Meteorology
Environmental Science & Engineering,Oceanography
Environmental Science & Engineering,Planetary Sciences
Environmental Science & Engineering,Solar Geoengineering
Environmental Science & Engineering,Water
Materials Science & Mechanical Engineering,Fluid Mechanics
Materials Science & Mechanical Engineering,Materials
Materials Science & Mechanical Engineering,Robotics and Control
Materials Science & Mechanical Engineering,Soft Matter
Materials Science & Mechanical Engineering,Solid Mechanics
Materials Science & Mechanical Engineering,Surface and Interface Science
"Science, Technology, Innovation & Public Policy",Communications and Internet Policy
"Science, Technology, Innovation & Public Policy",Design and Innovation
"Science, Technology, Innovation & Public Policy","Energy, Environment, and Sustainability"
"Science, Technology, Innovation & Public Policy",Science and Engineering Education
"Science, Technology, Innovation & Public Policy",Science and Technology Policy